id,date_set,task,topic,assignee,deadline,status,source_type,source_link,raw_quote,notes
1,2026-01-13,Review Redstone site for Google Ads then send questions to Eric,ads,Kas,Before next call,done,meeting,07-Meetings/redstone/2026-01-13-eric.md,"Review Redstone site for Google Ads; send Qs to Eric",First call - account discovery
2,2026-01-13,Prepare Google Ads plan (keywords/budget/targeting/ops) and WhatsApp Eric to review,ads,Kas,Before next call,done,meeting,07-Meetings/redstone/2026-01-13-eric.md,"Prepare Google Ads plan (KW, budget, targeting, ops); WhatsApp Eric to review",
3,2026-01-13,Send Kas competitor URLs via WhatsApp for research,ads,Eric,ASAP,done,meeting,07-Meetings/redstone/2026-01-13-eric.md,"WhatsApp Kas competitor URLs; Kas to review",Eric's own action
4,2026-02-03,Confirm legal clearance to work with Eric directly + schedule in-person meeting,ops,Kas,Within 24h,done,meeting,07-Meetings/redstone/2026-02-03-eric.md,"confirm with legal; WhatsApp Eric; if OK, draft plan + schedule in-person",
5,2026-02-24,Draft Seattle CNC landing page wireframes and send to Eric for review,lp,Kas,By 2026-02-28,done,meeting,07-Meetings/redstone/2026-02-24-landing-page-brief.md,"Draft Seattle CNC landing page wireframes; send to Eric for review",
6,2026-02-24,Build initial Google Ads campaigns and send report to Eric; book review call,ads,Kas,Within few days,done,meeting,07-Meetings/redstone/2026-02-24-landing-page-brief.md,"Build initial ad campaigns; send report to Eric; book review call",
7,2026-02-24,Email Kas additional market/SEO insights (Mexico demand patterns),seo,Eric,During the week,done,meeting,07-Meetings/redstone/2026-02-24-landing-page-brief.md,"Email Kas additional market/SEO insights (e.g., Mexico demand)",Eric's own action
8,2026-02-24,Sync with Daniel on campaign build and incorporate Eric's insights,ads,Kas,During the week,done,meeting,07-Meetings/redstone/2026-02-24-landing-page-brief.md,"Sync w/ Daniel re: campaign build; incorporate Eric's insights",
9,2026-02-24,Add Kas to Google Search Console with full permissions (www + non-www),seo,Eric,During the week,done,meeting,07-Meetings/redstone/2026-02-24-landing-page-brief.md,"Add Kas to Search Console for www and non-www properties",Eric's own action
10,2026-03-19,Use Eric's exact hero text on homepage (Lower Landed Costs / facilities in US Mexico Asia / One US engineering team),lp,Kas,ASAP,escalated,kamg-ops,client-intel/redstone/eric-chronology.md,"Hero text from March 19 email was ignored - flagged in Apr 19 escalation",CRITICAL: was ignored - Eric escalated Apr 19
11,2026-03-19,Email Jack SEO change-log findings (Cam audit + Adam Serbia changes thread),seo,Kas,Before next meeting,done,meeting,07-Meetings/redstone/2026-03-19-erickas-kpi-and-plan.md,"Email Jack: Cam's SEO audit + Adam's Serbia changes thread",
12,2026-03-19,Email Eric Google Reviews request template with 3-bullet instructions,ops,Kas,Before next meeting,done,meeting,07-Meetings/redstone/2026-03-19-erickas-kpi-and-plan.md,"Email Eric: Google Reviews request template + 3-bullet instructions",
13,2026-03-19,Update homepage copy to US-first positioning and publish,website,Kas,Before next week,done,meeting,07-Meetings/redstone/2026-03-19-erickas-kpi-and-plan.md,"Update homepage copy to US-first + general materials; publish",
14,2026-03-19,Send Eric Gantt-style roadmap (4 channels + LP tests) then schedule review,strategy,Kas,Before next week,done,meeting,07-Meetings/redstone/2026-03-19-erickas-kpi-and-plan.md,"Send Eric Gantt-style roadmap (4 channels + LP tests); then schedule review",
15,2026-03-24,Review AdWords + HubSpot data and share findings with Eric,ads,Kas,Today,done,meeting,07-Meetings/redstone/2026-03-24-eric.md,"Review AdWords/HubSpot data; share findings w/ Eric",
16,2026-03-24,Define KPIs and set up reporting in shared sheet,reporting,Kas,Early week,done,meeting,07-Meetings/redstone/2026-03-24-eric.md,"Define KPIs; set up reporting in shared sheet",
17,2026-03-24,Decide on server-side tracking implementation and inform Eric,ads,Kas,Before implementation,done,meeting,07-Meetings/redstone/2026-03-24-eric.md,"Decide on server-side tracking; inform Eric",
18,2026-03-24,Email Eric onboarding plan + kickoff timeline; schedule recurring check-ins,ops,Kas,Within 24h,done,meeting,07-Meetings/redstone/2026-03-24-eric.md,"Email Eric onboarding plan + kickoff timeline; schedule recurring check-ins",Retainer started this day
19,2026-03-24,Email Eric cold-email setup steps + request domains/inboxes; Rayhan to buy 4-5 domains + set up G Suite + warmup,ops,Kas,Within 24h,done,meeting,07-Meetings/redstone/2026-03-24-eric.md,"Email Eric cold-email setup steps; request domains/inboxes + Lemwarm",
20,2026-03-24,Add cold-email setup to marketing roadmap as high-critical,ops,Kas,This week,done,meeting,07-Meetings/redstone/2026-03-24-eric.md,"Add cold-email setup to marketing roadmap as high-critical",
21,2026-03-24,Pause cold-email sends; switch to outbound calls from Ben's list,ops,Kas,Immediately,done,meeting,07-Meetings/redstone/2026-03-24-eric.md,"Pause cold-email sends; switch to outbound calls from Ben's list",Reversed later when full cold email program launched
22,2026-03-24,Create 'Past Cold Email Copy' tab in marketing roadmap + add prior copy,ops,Kas,This week,done,meeting,07-Meetings/redstone/2026-03-24-eric.md,"Create 'Past Cold Email Copy' tab in marketing roadmap; add prior copy",
23,2026-03-27,Present homepage update to Eric and publish after approval,website,Kas,2026-03-31 to 2026-04-01,done,meeting,07-Meetings/redstone/2026-03-27-eric-kas-marketing-review.md,"Present homepage update to Eric; publish after approval",
24,2026-03-27,Update Seattle landing page + publish without traffic; start A/B tests post-launch,lp,Kas,Week of 2026-04-06,done,meeting,07-Meetings/redstone/2026-03-27-eric-kas-marketing-review.md,"Update Seattle landing page; publish w/o traffic; start A/B tests post-launch",
25,2026-03-27,"Update RSAs: remove 'legal protection' + 'neighborhoods'; add 'facilities in 5 countries'; test Replit copy",ads,Kas,This week,done,meeting,07-Meetings/redstone/2026-03-27-eric-kas-marketing-review.md,"Update RSAs: remove 'legal protection'/'neighborhoods'; add 'facilities in 5 countries'; test Replit copy",
26,2026-03-27,Email Eric SEO change-log review findings,seo,Kas,ASAP,done,meeting,07-Meetings/redstone/2026-03-27-eric-kas-marketing-review.md,"Email Eric SEO change log review findings",
27,2026-03-27,Email Eric domain + G Suite instructions; have Rayhan buy 4-5 domains + start warmup,ops,Kas,ASAP,done,meeting,07-Meetings/redstone/2026-03-27-eric-kas-marketing-review.md,"Email Eric domain/G Suite instructions; request access; have Ray Han buy 4-5 domains, set up G Suite, start warmup",
28,2026-03-27,Investigate A2 Hosting domain purchase process and report findings,ops,Kas,ASAP,done,meeting,07-Meetings/redstone/2026-03-27-eric-kas-marketing-review.md,"Investigate A2 Hosting domain purchase; report to Kas",
29,2026-03-31,Send homepage draft to Eric for review,website,Kas,2026-04-01,done,meeting,07-Meetings/redstone/2026-03-31-eric-rachel-kas-progress-review.md,"Send homepage draft to Eric for review",
30,2026-03-31,Review and approve homepage draft,website,Eric,2026-04-02,done,meeting,07-Meetings/redstone/2026-03-31-eric-rachel-kas-progress-review.md,"Review and approve homepage draft",Eric's own action
31,2026-03-31,Launch homepage if approved,website,Kas,Week of 2026-04-06,done,meeting,07-Meetings/redstone/2026-03-31-eric-rachel-kas-progress-review.md,"Launch homepage (if approved)",
32,2026-03-31,Send landing page A/B test designs + prioritized test list,lp,Kas,By 2026-04-03,done,meeting,07-Meetings/redstone/2026-03-31-eric-rachel-kas-progress-review.md,"Send landing page A/B test designs + prioritized test list",
33,2026-03-31,Schedule Jack meeting for Google SEO roadmap,seo,Kas,Mon 2026-04-07 12:00,done,meeting,07-Meetings/redstone/2026-03-31-eric-rachel-kas-progress-review.md,"Schedule Jack meeting for Google SEO roadmap",
34,2026-03-31,Complete lead form trim (approved on call),ops,Kas,By 2026-04-03,done,meeting,07-Meetings/redstone/2026-03-31-eric-rachel-kas-progress-review.md,"Complete lead form trim (approved on call)",
35,2026-03-31,"Add testing log to tracking sheet (historical, current, planned)",reporting,Kas,This week,done,meeting,07-Meetings/redstone/2026-03-31-eric-rachel-kas-progress-review.md,"Add testing log to tracking sheet (historical, current, planned)",
36,2026-03-31,Convert reporting dashboard to table format (Eric preference),reporting,Kas,Ongoing,in-progress,meeting,07-Meetings/redstone/2026-03-31-eric-rachel-kas-progress-review.md,"Convert reporting dashboard to table format (Eric's preference)",Eric prefers tables - permanent style preference
37,2026-03-31,Rayhan purchase + warm up cold email domains,ops,Rayhan,Starting 2026-03-31,done,meeting,07-Meetings/redstone/2026-03-31-eric-rachel-kas-progress-review.md,"Purchase and warm up cold email domains",
38,2026-03-31,Reply to Rayhan for domain verification + provide credit card for G Suite,ops,Eric,ASAP,done,meeting,07-Meetings/redstone/2026-03-31-eric-rachel-kas-progress-review.md,"Reply to Rayhan for domain verification + credit card for G Suite",Eric's own action
39,2026-03-31,Connect Fathom transcripts to data warehouse,ops,Kas,Medium priority,pending,meeting,07-Meetings/redstone/2026-03-31-eric-rachel-kas-progress-review.md,"Connect Fathom transcripts to data warehouse",
40,2026-03-31,Scope out quote database (query historical quotes by customer),ops,Kas,Medium priority,done,meeting,07-Meetings/redstone/2026-03-31-eric-rachel-kas-progress-review.md,"Scope out quote database (query historical quotes by customer)",Built and shipped Apr 24
41,2026-03-31,Build real-time dashboard replacing tracking sheet,reporting,Kas,In progress,in-progress,meeting,07-Meetings/redstone/2026-03-31-eric-rachel-kas-progress-review.md,"Build real-time dashboard replacing the tracking sheet",
42,2026-04-09,Build 7-8 service-specific landing pages for Google Ads keywords,lp,Kas,Thu 2026-04-16,done,vault,05-Daily/2026-04-09.md,"Must be live before next Thursday call",21 LPs ultimately built
43,2026-04-09,"Send Eric BigQuery setup guide - create Redstone email inbox, set up BQ",ops,Kas,2026-04-09,done,vault,05-Daily/2026-04-09.md,"Eric needs to create a Redstone email inbox, then set up BigQuery account",
44,2026-04-09,Prepare Thursday KPI tracking with lead metrics,reporting,Kas,Weekly Thu,in-progress,vault,05-Daily/2026-04-09.md,"Eric wants to start every Thursday with lead metrics",Recurring weekly task
45,2026-04-09,"Competitive ad research on Xometry, Fictiv, Protolabs",ads,Kas,Thu 2026-04-16,done,vault,05-Daily/2026-04-09.md,"Analyze ad strategies, keywords, and positioning. Eric requested this as a milestone",
46,2026-04-09,Update project tracker with ETAs every Monday and Thursday,reporting,Kas,Recurring Mon/Thu,in-progress,kamg-ops,client-intel/redstone/eric-chronology.md,"Could you update the dates on the project tracker and status every Monday and Thursday? I would like to see estimated completion dates for each of the critical tasks.",Recurring - replaced by Fri weekly report May
47,2026-04-12,Build Typeform-style quote form with slide-out CTA + unique IDs + GTM tracking,website,Kas,2026-04-09,done,vault,00-Inbox/2026-04-12-fathom-action-items.md,"quote form redesign - CRO-annotated",
48,2026-04-17,Apply 19 LP changes in bulk across all 21 landing pages,lp,KAMG/Leo,2026-04-20,done,kamg-ops,output/redstone/eric-lp-review-checklist-2026-04-20.html,"This is great. Nice work. [but 19 specific changes required]",MAJOR escalation - see items 49-67 for individual changes
49,2026-04-17,"Reply to invoice thread: homepage 1 month was too slow, hero text ignored, ads to generic homepage, LP go-live status, target US+Canada only",ops,Kas,2026-04-19,done,kamg-ops,output/redstone/eric-lp-review-checklist-2026-04-20.html,"Generally, I feel the AI tools you are using are not implementing my feedback exactly as I relay it the first time.",Escalation reply
50,2026-04-17,Fix Google Ads targeting to US + Canada ONLY (not 70+ filtered countries),ads,Daniel,ASAP,done,kamg-ops,output/redstone/eric-lp-review-checklist-2026-04-20.html,"Country targeting: US + Canada ONLY (70+ filtered not enough)",
51,2026-04-17,Pause search ad campaigns and link to country-specific LPs (not generic homepage),ads,Daniel,ASAP,done,kamg-ops,output/redstone/eric-lp-review-checklist-2026-04-20.html,"Ads linked to generic homepage instead of country-specific LPs",
52,2026-04-19,Reword 'Feasibility Check' popup to clarify Redstone will say if they can produce the parts,lp,Leo,ASAP,done,kamg-ops,client-intel/redstone/eric-feedback-2026-04-19.md,"Reword 'Feasibility Check' popup -- clarify we'll tell them if we can produce their parts",
53,2026-04-19,Remove IATF16949 from H1 titles (too niche); use ISO9001 only,lp,Leo,ASAP,done,kamg-ops,client-intel/redstone/eric-feedback-2026-04-19.md,"Remove IATF16949 from H1 titles -- too niche, use ISO9001 only",
54,2026-04-19,Standardize browser tab titles for Adwords Quality Score relevancy,lp,Leo,ASAP,done,kamg-ops,client-intel/redstone/eric-feedback-2026-04-19.md,"Standardize browser tab titles for Adwords relevancy",
55,2026-04-19,Remove 'AWS certified welders' claim (Redstone doesn't offer this),lp,Leo,ASAP,done,kamg-ops,client-intel/redstone/eric-feedback-2026-04-19.md,"Remove AWS certified welders -- they don't offer this",
56,2026-04-19,Mention Monterrey facility on all Mexico pages,lp,Leo,ASAP,done,kamg-ops,client-intel/redstone/eric-feedback-2026-04-19.md,"Consider mentioning Monterrey facility on ALL Mexico pages",
57,2026-04-19,Remove 'Independent QC' / '3rd party QC' claims (QC is in-house),lp,Leo,ASAP,done,kamg-ops,client-intel/redstone/eric-feedback-2026-04-19.md,"Remove 'Independent QC' / '3rd party' -- they do QC themselves, not 3rd party",
58,2026-04-19,Mexico pages must highlight USMCA tariff-free + 6-8 week faster lead times vs China,lp,Leo,ASAP,done,kamg-ops,client-intel/redstone/eric-feedback-2026-04-19.md,"Mexico pages: highlight USMCA tariff-free + 6-8 week faster lead times vs China",
59,2026-04-19,Single facility feel on Mexico pages ('facilities' -> 'one factory in Mexico'),lp,Leo,ASAP,done,kamg-ops,client-intel/redstone/eric-feedback-2026-04-19.md,"Single facility feel -- 'facilities in Mexico' -> make it seem like one factory in Mexico",
60,2026-04-19,Change all 'ISO-certified' to 'ISO9001 certified' across all pages,lp,Leo,ASAP,done,kamg-ops,client-intel/redstone/eric-feedback-2026-04-19.md,"ISO-certified -> ISO9001 certified everywhere",
61,2026-04-19,Remove qualifications section from all LPs (too detailed - screens out prospects after click),lp,Leo,ASAP,done,kamg-ops,client-intel/redstone/eric-feedback-2026-04-19.md,"Remove qualifications section -- too detailed for LP, screens out after ad click",
62,2026-04-19,Use 'Parts' terminology not 'Program' throughout all pages,lp,Leo,ASAP,done,kamg-ops,client-intel/redstone/eric-feedback-2026-04-19.md,"Use 'Parts' not 'Program' -- told before, still not fixed",REPEAT request - prior ask not actioned
63,2026-04-19,Remove '48-hour quotes' promise (cannot deliver this),lp,Leo,ASAP,done,kamg-ops,client-intel/redstone/eric-feedback-2026-04-19.md,"Remove 48-hour quotes -- can't deliver that",
64,2026-04-19,No Ohio or Seattle references; use 'US-based engineering headquarters',lp,Leo,ASAP,done,kamg-ops,client-intel/redstone/eric-feedback-2026-04-19.md,"No Ohio, no Seattle -- say 'US-based engineering headquarters'",
65,2026-04-19,Change 'program manager' to 'account manager' or 'engineering manager' throughout,lp,Leo,ASAP,done,kamg-ops,client-intel/redstone/eric-feedback-2026-04-19.md,"Program manager -> account manager or engineering manager",
66,2026-04-19,CTA should be about nearshoring (not 'starting new parts'),lp,Leo,ASAP,done,kamg-ops,client-intel/redstone/eric-feedback-2026-04-19.md,"CTA should be about nearshoring, not 'starting new parts'",
67,2026-04-19,Lead with Mexico first then 'US-based account manager' (not 'US-managed die casting'),lp,Leo,ASAP,done,kamg-ops,client-intel/redstone/eric-feedback-2026-04-19.md,"Lead with Mexico first, then 'US-based account manager' (not 'US-managed die casting')",
68,2026-04-19,"Tolerance +/- 0.001"" on machining pages (NOT 0.0005"")",lp,Leo,ASAP,done,kamg-ops,client-intel/redstone/eric-feedback-2026-04-19.md,"Tolerance +/- 0.001"" not 0.0005"" on machining pages",
69,2026-04-19,Remove 5-axis machining specificity from Mexico ads (Seattle only does 5-axis),lp,Leo,ASAP,done,kamg-ops,client-intel/redstone/eric-feedback-2026-04-19.md,"Remove 5-axis machining specificity from all machining pages",
70,2026-04-19,Fix visual bug: text caught behind lead form,lp,Leo,ASAP,done,kamg-ops,client-intel/redstone/eric-feedback-2026-04-19.md,"Visual bug: text caught behind lead form",
71,2026-04-19,Provide hypothetical CTR/conversion if 10K+ negative keywords implemented day 1,ads,Daniel,2026-04-19,done,kamg-ops,client-intel/redstone/eric-feedback-2026-04-19.md,"Wants hypothetical: CTR/conversion if 10K+ negative keywords implemented day 1",
72,2026-04-20,Pitch Seattle CNC campaigns around qualifications keywords (CMMC ISO13485) not generic CNC,ads,Kas,None,in-progress,slack,Slack #redstone-marketing,"I think there is a good opportunity to advertise our Seattle CNC machine shop with qualifications keywords instead of just standard CNC machining keywords. I think our customers are struggling to find CNC machining suppliers in USA with CMMC compliance, also ISO13485 certification.",Slack permalink: https://kasandz.slack.com/archives/C0ASTGHQD9A/p1776696199691979
73,2026-04-22,Revise homepage per Eric feedback (eye-tracking optimization) and present version,website,Kas,Tomorrow (2026-04-23),done,meeting,07-Meetings/redstone/2026-04-22-eric-kas-marketing-review.md,"Revise homepage per Eric; present version",
74,2026-04-22,Enable PostHog recordings and get Eric verification/approval,ops,Kas,Today,done,meeting,07-Meetings/redstone/2026-04-22-eric-kas-marketing-review.md,"Get PostHog verification from Eric; enable recordings",
75,2026-04-22,Send Claude quote-DB setup guide + schedule 10-15 min setup with Eric,ops,Kas,This week,done,meeting,07-Meetings/redstone/2026-04-22-eric-kas-marketing-review.md,"Send Claude quote-DB setup guide to Eric; schedule 10-15 min setup",
76,2026-04-22,Send lead-qualification report to Eric; implement form logic after approval,ops,Kas,This week,in-progress,meeting,07-Meetings/redstone/2026-04-22-eric-kas-marketing-review.md,"Send lead-qualification report to Eric; implement form logic after approval",
77,2026-04-22,Check HubSpot plan for 1-click booking feature and enable if available,ops,Kas,This week,done,meeting,07-Meetings/redstone/2026-04-22-eric-kas-marketing-review.md,"Check HubSpot plan for 1-click booking; enable if available",
78,2026-04-22,Create Google Drive folder for Kas to store all reports/deliverables,ops,Eric,This week,done,meeting,07-Meetings/redstone/2026-04-22-eric-kas-marketing-review.md,"Create Drive folder for Kas; request reports archive",Eric's own action - shared Marketing Materials folder May 10
79,2026-04-22,Draft SEO-optimized 'Die Casting Mexico' page with heavy SEO focus,seo,Kas,By Monday,done,meeting,07-Meetings/redstone/2026-04-22-eric-kas-marketing-review.md,"Draft SEO-optimized 'Die Casting Mexico' page; share draft",
80,2026-04-22,Email Jack requesting light SEO package + scope/sequencing,seo,Eric,ASAP,done,meeting,07-Meetings/redstone/2026-04-22-eric-kas-marketing-review.md,"Email Jack re: light SEO package; request scope/sequencing",Eric's own action
81,2026-04-22,Send meeting summary and progress update to Eric,reporting,Kas,Tomorrow morning,done,meeting,07-Meetings/redstone/2026-04-22-eric-kas-marketing-review.md,"Send meeting summary + progress update to Eric",
82,2026-04-22,Create Slack channel for leads; connect lead tracker; enable qualified-lead alerts,ops,Kas,ASAP,done,meeting,07-Meetings/redstone/2026-04-22-eric-kas-marketing-review.md,"Create Slack channel; connect lead tracker; enable qualified-lead alerts",
83,2026-04-22,Connect all ads to new landing pages; pause ads lacking dedicated LP,ads,Kas,ASAP,done,meeting,07-Meetings/redstone/2026-04-22-eric-kas-marketing-review.md,"Connect all ads to new landing pages; pause ads lacking dedicated LP",
84,2026-04-22,Check in with Eric re: new website plan,website,Kas,Monday,done,meeting,07-Meetings/redstone/2026-04-22-eric-kas-marketing-review.md,"Check in w/ Eric re: new website plan",
85,2026-04-22,Audit status of 9 homepage edits; verify shipped vs pending,website,Kas,ASAP,done,kamg-ops,docs/redstone/website-sprint-2026-05-05.md,"9 home-page edits status",
86,2026-04-24,Plan cold-email campaign strategy and structure together next week,strategy,Kas,Week of 2026-04-28,done,slack,Slack #redstone-marketing,"What's the status of the campaign strategy and structure? Do you want to plan it together next week?",
87,2026-04-24,Fix wrong die-casting image on homepage (sand casting image being used),website,Leo,None,done,slack,Slack #redstone-marketing,"This is not correct. The photo for die casting appears to be sand casting, so it's not correct",
88,2026-04-24,Invite Alec (alec@redstonemanufacturing.com) to Slack channel,ops,Kas,None,done,slack,Slack #redstone-marketing,"Great. Can you invite Alec?",Done May 8
89,2026-04-27,Explore scraping Reddit for prospects with manufacturing issues for cold email,content,KAMG,None,declined,slack,Slack #redstone-marketing,"This could be an idea of the email campaign to scrape Reddit for people having issues",Kas pushed back - Reddit gated
90,2026-04-28,"Apply 5 homepage edits: remove Lower landed costs headline, new 'Castings CNC Machining Sheet Metal Fabrication' headline, color logos + bigger Amazon, remove 14-day expedite, fix capabilities placement",lp,Leo,None,done,slack,Slack #redstone-marketing,"Remove 'Lower landed costs for metal manufacturing' and make the new main headline 'Castings CNC Machining Sheet Metal Fabrication' ... Make the logos in color and make amazon bigger ... remove 14-day expedite options ... Can we remove the images for the knowledge hub? ... In Capabilities. Volume production, Surface finishes and coatings, Full assembly looks a little weird",
91,2026-04-28,Pre-publish approval gate: Kas reviews all Leo/team changes (incl homepage) before going live,ops,Kas,Ongoing,in-progress,meeting,07-Meetings/redstone/2026-04-28-lists-and-copy-discussion.md,"Add pre-publish approval step -- review Leo/team changes (incl. homepage) before live",PERMANENT process gate
92,2026-04-28,Test HubSpot lead-form notifications; confirm SEO vs AdWords form routing (5-day lead gap),ops,Kas,ASAP,done,meeting,07-Meetings/redstone/2026-04-28-lists-and-copy-discussion.md,"Test HubSpot lead-form notifications; confirm SEO form vs AdWords form routing",
93,2026-04-28,"Email Eric+Alec post-call with HubSpot setup, ICP/list criteria, copy angles, timelines, industry case-study template",ops,Kas,Within 24h,done,meeting,07-Meetings/redstone/2026-04-28-lists-and-copy-discussion.md,"Email Eric/Alec post-call -- HubSpot setup requests, ICP/list criteria, copy angles, timelines, industry-case-study template",
94,2026-04-28,"Build and clean Apollo lists (base ICP, manufacturer's reps, shipping cos); spot-check; import to Lemlist",ops,Leo,This week,in-progress,meeting,07-Meetings/redstone/2026-04-28-lists-and-copy-discussion.md,"Build & clean Apollo lists (base ICP, manufacturer's reps, shipping cos); spot-check; import to Lemlist; prep rep hyper-personalization sheet",
95,2026-04-28,Research trade shows + city-visit angles; draft A/B copy for Eric+Alec review,content,Kas,Early next week,done,meeting,07-Meetings/redstone/2026-04-28-lists-and-copy-discussion.md,"Research trade shows + city-visit angles; draft A/B copy for Eric/Alec review",
96,2026-04-28,"Research import-record databases (ImportGenius, Panjiva) for targeting feasibility",content,Kas,Early next week,pending,meeting,07-Meetings/redstone/2026-04-28-lists-and-copy-discussion.md,"Research import-record databases (e.g., ImportGenius / Panjiva) -- assess feasibility for targeting",
97,2026-04-28,Fill in industry case-study table (parts manufactured per industry),content,Eric/Alec,This week,pending,meeting,07-Meetings/redstone/2026-04-28-lists-and-copy-discussion.md,"Fill in industry case-study table (parts manufactured per industry) -- template Kas to send",Eric+Alec own action - template from Kas
98,2026-04-28,Confirm MANA (Manufacturers' Agents National Association) angle - post or list pull?,content,Eric/Alec,This week,pending,meeting,07-Meetings/redstone/2026-04-28-lists-and-copy-discussion.md,"Confirm Mana (Manufacturers' Agents National Association) angle -- post or list pull?",Eric+Alec own action
99,2026-04-28,Investigate joe.miller@nelsonmillergroup.com tracked as lead with no form-submission email,reporting,Leo/Kas,ASAP,done,slack,Slack #redstone-marketing,"Also, we did not receive a form submission from joe.miller@nelsonmillergroup.com. Why is this tracked as a lead?",
100,2026-04-28,Determine why form-submission notification emails stopped firing; fix ASAP,reporting,Leo/Kas,ASAP,done,slack,Slack #redstone-marketing,"Rachel says it's in Hubspot but I never received an email saying we got a new form submission. Is it possible we are no longer getting emails when forms are filled? Need to know ASAP. Please fix right away. We havent gotten any lead form fill emails since April 23 which is very unusual",Leo fixed same day
101,2026-04-28,Analyze Fictiv + Xometry Google Ads strategy and report learnings for Redstone campaign,ads,Kas,None,done,slack,Slack #redstone-marketing,"can you please analyze adwords strategy for fictiv and xometry and report back with anything we can learn for our own campaign?",
102,2026-04-28,"Review ad headline ('Die casting manufacturer in Mexico'), fix two-period typo, decide India/Brazil mention when keyword is Mexico",ads,Kas,None,done,slack,Slack #redstone-marketing,"1. Is this the right headline of the ad? Should say 'Die casting manufacturer in Mexico' 2. typo - two periods 3. should we remove india and brazil if the search keyword is mexico?",
103,2026-04-28,Route form-submission emails to sales@redstonemanufacturing.com (not Eric personal inbox),reporting,Leo,None,done,slack,Slack #redstone-marketing,"These should go to sales@redstonemanufacturing.com. Not to my email",
104,2026-04-28,Restyle homepage header text + fix video that fills window and shrinks logo,lp,Leo,None,done,slack,Slack #redstone-marketing,"1. Can this header be stylized or formatted better? 2. Is the video too wide? it fills the window and makes all other content seem small. Even the Redstone logo is tiny",
105,2026-04-29,Use quote database to find all quotes Eric sent for parts with '11PBH' in name,reporting,Kas,None,done,slack,Slack #redstone-marketing,"is the quote database live? I need to know all the quotes I sent for parts with '11PBH' in the name",Returned 6 matches same day
106,2026-04-29,Fix quote DB to capture Quote 32934 dual unit-price columns (anodize vs non-anodize),reporting,Kas,Low priority,pending,slack,Slack #redstone-marketing,"its not picking up that Quote 32934 had two columns for unit price, one with anodize and one without",Eric labeled low priority
107,2026-04-29,"Weekly report table: deliverables + status + delivery dates + KW rankings summary",reporting,Kas,Recurring Fri,in-progress,kamg-ops,docs/redstone/website-sprint-2026-05-05.md,"I'd like to see a table showing all deliverables and status of each, as well as a summary monitoring keyword rankings on a weekly basis.",RECURRING WEEKLY
108,2026-04-30,Pause search ad campaigns (keep location + remarketing running),ads,Daniel,Immediate,done,meeting,07-Meetings/redstone/2026-04-30-eric-kas-website-plan-review.md,"Pause search ad campaigns (location + remarketing stay running)",
109,2026-04-30,Email Daniel intro to Eric in the campaign-paused chain,ads,Kas,ASAP,done,meeting,07-Meetings/redstone/2026-04-30-eric-kas-website-plan-review.md,"Email Daniel intro to Eric in the campaign-paused chain",
110,2026-04-30,Coordinate hosting migration to SiteGround with Rehan within 24h (before May 13 invoice),ops,Kas,Within 24h,in-progress,meeting,07-Meetings/redstone/2026-04-30-eric-kas-website-plan-review.md,"Coordinate hosting migration to SiteGround with Rehan within 24h (before May 13)",Pivoted to Vercel
111,2026-04-30,Set up Tue/Wed sitemap-debate session with Jack next week,website,Kas,This week,done,meeting,07-Meetings/redstone/2026-04-30-eric-kas-website-plan-review.md,"Set up Tue/Wed sitemap-debate session with Jack next week",
112,2026-04-30,Bring Jack into Thu 2026-05-07 Eric call to present keyword data,website,Kas,Before 2026-05-07,done,meeting,07-Meetings/redstone/2026-04-30-eric-kas-website-plan-review.md,"Bring Jack into next Thursday's (May 7) Eric call",
113,2026-04-30,Build general Redstone presentation deck,content,Kas,Next week,in-progress,meeting,07-Meetings/redstone/2026-04-30-eric-kas-website-plan-review.md,"Build general Redstone presentation deck (next week)",Copy v1+v2 ready May 12 - 5 decisions pending Eric
114,2026-04-30,Build service-specific presentation decks after general deck lands,content,Kas,After general deck,pending,meeting,07-Meetings/redstone/2026-04-30-eric-kas-website-plan-review.md,"Build service-specific decks (after general lands)",
115,2026-04-30,Add cost-per-qualified-lead metric to weekly dashboard,reporting,Kas,This week,in-progress,meeting,07-Meetings/redstone/2026-04-30-eric-kas-website-plan-review.md,"Add cost-per-qualified-lead metric to weekly dashboard",
116,2026-04-30,Add qualified/unqualified button + reason field to lead tracker,ops,Kas,This week,in-progress,meeting,07-Meetings/redstone/2026-04-30-eric-kas-website-plan-review.md,"Add qualified/unqualified button + reason field to lead tracker",
117,2026-04-30,Make lead tracker include email leads (not just ad/organic),ops,Kas,This week,pending,meeting,07-Meetings/redstone/2026-04-30-eric-kas-website-plan-review.md,"Make lead tracker include email leads",
118,2026-04-30,Test phone call routing system (press 1 -> Alec),ops,Kas,This week,pending,meeting,07-Meetings/redstone/2026-04-30-eric-kas-website-plan-review.md,"Test phone call routing (press 1 -> Alec)",
119,2026-04-30,Demo Astro website management system to Eric before Vercel launch,website,Kas,Before Vercel launch,pending,meeting,07-Meetings/redstone/2026-04-30-eric-kas-website-plan-review.md,"Demo Astro management to Eric before Vercel launch",
120,2026-04-30,Confirm sitemap structure approved,website,Eric,2026-04-30 call,done,vault,05-Daily/2026-04-30.md,"7 open decisions for Eric on call",Eric's own decision
121,2026-04-30,Lock homepage hero direction (Mar 19 text + photo-right split),website,Eric,2026-04-30 call,done,vault,05-Daily/2026-04-30.md,"Needs Eric approval before build starts",Eric's own decision
122,2026-04-30,Confirm P0 list (15 pages in 30 days),website,Eric,2026-04-30 call,done,vault,05-Daily/2026-04-30.md,"Phase approval gate for P0 execution",Eric's own decision
123,2026-04-30,Lock industry verticals (Auto/Aero/Defense/Medical or different mix),strategy,Eric,2026-04-30 call,pending,vault,05-Daily/2026-04-30.md,"Gated on AS9100 certification status",Eric's own decision
124,2026-04-30,Confirm Halliburton case study publication framing (permission for $1.2M savings figure),content,Eric,2026-04-30 call,done,vault,05-Daily/2026-04-30.md,"Need permission for public mention of savings amount",Eric's own decision - approved
125,2026-04-30,Restore color customer logos + enlarge Amazon logo on homepage + fix die-casting/CNC background images,website,Leo,None,done,slack,Slack #redstone-marketing,"can you please make all the customer logos in color instead of black and white? And make the Amazon logo bigger? It's smaller than the others now. Die casting and cnc machining background images still do not match the process",
126,2026-04-30,Adjust CNC Machining India page background image (REPEAT ask),lp,Leo,None,in-progress,slack,Slack #redstone-marketing,"Cnc machining India page still needs to adjust the background image. I mentioned this before",REPEAT - prior ask not actioned
127,2026-04-30,Restyle SEO page heading (REPEAT ask),seo,Leo/Jack,None,pending,slack,Slack #redstone-marketing,"This heading needs to be styled or formatted differently so it lands better. I mentioned this before also",REPEAT - prior ask not actioned
128,2026-04-30,Narrow SEO die-casting page focus to aluminum only (95% of leads),seo,Leo/Jack,None,in-progress,slack,Slack #redstone-marketing,"Would it make sense to focus on Aluminum die casting only? 95% of our die casting leads want aluminum",
129,2026-04-30,Confirm keyword research supports 'pressure die casting' vs 'high pressure die casting' or just 'die casting',seo,Leo/Jack,None,pending,slack,Slack #redstone-marketing,"And the process is more commonly called high pressure die casting or just die casting. Did keyword research suggest using pressure die casting?",
130,2026-04-30,Check if Redstone is still paying for unused SendGrid account,ops,Rehan/Kas,None,done,slack,Slack #redstone-marketing,"Can you please check if we are still paying for that account? We haven't used it in years",Account suspended same day
131,2026-04-30,Investigate restoring website to August 2025 backup state (post-Aug SEO crash claim),seo,Kas/Rehan,Fri 2026-05-03,done,slack,Slack #redstone-marketing,"Is it possible to reset my website to August 2025? It seems like we crashed our SEO after that",Rehan: hosting only goes to Mar 31 2026
132,2026-04-30,Save backup of current site (in case new Jack site doesn't work),website,Rehan/Kas,Before new build,done,slack,Slack #redstone-marketing,"Can we save this in case the new website with Jack doesn't work, I'll want to revert to this",
133,2026-04-30,Fix CSS issue: flag covering whole video on homepage,lp,Leo,None,done,slack,Slack #redstone-marketing,"I'm also getting this issue with the flag covering the whole video",
134,2026-04-30,"Reformat homepage header (add commas/breaks); 'Casting, CNC Machining, Sheet Metal Fabrication'",lp,Leo,None,done,slack,Slack #redstone-marketing,"Homepage mostly looks good. I still want the header text to be formatted better. Either add commas, breaks, or something. And make it say Casting, CNC Machining, Sheet Metal Fabrication",
135,2026-05-01,Find design consultancies similar to Speed Virtual (connected-device design houses) for referral commissions,partnership,Kas,Fri 2026-05-03,in-progress,kamg-ops,client-intel/redstone/eric-comms-pull-2026-05-05.md,"Can you find more companies like them?",
136,2026-05-01,Add ISO 9001 logo image (not just text) to website,website,Leo,None,done,slack,Slack #redstone-marketing,"would it make sense to add the ISO logos to the website instead of just text?",
137,2026-05-02,Add delivery dates column to weekly deliverables table,reporting,Kas,None,in-progress,slack,Slack DM with Eric,"Hey, can you add delivery dates to the deliverables table we review weekly?",
138,2026-05-02,Go live with new homepage,lp,Kas/Leo,ASAP,done,slack,Slack #redstone-marketing,"when can we go live with the new homepage?",Live May 4 14:32 CST
139,2026-05-02,Confirm whether cold-email campaign launched this week,reporting,Kas,None,done,slack,Slack #redstone-marketing,"Did we already launch the email campaign this week?",
140,2026-05-02,Send document summarizing cold-email list-building strategy and target segment,content,Leo,None,done,slack,Slack #redstone-marketing,"Can you send a document that summarizes the cold email list building strategy and target segment?",
141,2026-05-02,Consider removing sales@redstone email address from homepage (push form fills),website,Rehan/Leo,ASAP,done,kamg-ops,client-intel/redstone/eric-comms-pull-2026-05-05.md,"Do you think we should remove the sales@redstone email address? We want people to fill the form",
142,2026-05-02,Consider removing phone number from homepage (avoid spam calls),website,Rehan/Leo,ASAP,done,kamg-ops,client-intel/redstone/eric-comms-pull-2026-05-05.md,"and also remove phone number? otherwise we will get a ton of spam calls",
143,2026-05-02,Fix logo scaling issue (huge on normal zoom; reverts to old ISO at 50% zoom),website,Leo,ASAP,pending,kamg-ops,client-intel/redstone/eric-comms-pull-2026-05-05.md,"I'm getting a weird issue with the logo being super large; then, when I zoom to 50% in my browser, it goes back to the old ISO logo",STILL OPEN
144,2026-05-02,Fix homepage breakpoint bug: flag covering whole video on smaller screens,website,Rehan,ASAP,pending,kamg-ops,client-intel/redstone/eric-comms-pull-2026-05-05.md,"I'm also getting this issue with the flag covering the whole video",
145,2026-05-02,Fix homepage breakpoint bug: menu broken on smaller screens,website,Rehan,ASAP,pending,kamg-ops,client-intel/redstone/eric-comms-pull-2026-05-05.md,"it has new issues with the menu",
146,2026-05-02,Clarify hero text: 'Metal Casting' or just 'Casting'?,lp,Leo,ASAP,done,kamg-ops,client-intel/redstone/eric-comms-pull-2026-05-05.md,"Should it say Metal Casting? or just casting?",
147,2026-05-03,Share email templates being used for each cold-email segment before they go out,content,Leo/Kas,Before launch,done,slack,Slack #redstone-marketing,"the strategy looks fine, i would just like to see the email templates being used for each before they go out",APPROVAL GATE
148,2026-05-03,Verify cold email copy accuracy: 'Defiance OH' claim is wrong; fix location,ads,Kas,ASAP,done,kamg-ops,client-intel/redstone/eric-comms-pull-2026-05-05.md,"For example it says we produce in Defiance OH / that is not correct",
149,2026-05-03,Review cold email lists: remove General Counsel + CFO + IT job titles,ads,Kas,ASAP,done,kamg-ops,client-intel/redstone/eric-comms-pull-2026-05-05.md,"in the lists, why are we emailing general council and CFO job titles? And IT",
150,2026-05-04,Explain CTA change from 'Talk to an Engineer' to 'Request a Quote' with evidence (not vibes),lp,Kas,2026-05-05,done,slack,Slack #redstone-marketing,"I noticed you changed CTA from 'Talk to an Engineer' on the replit site to 'Request a Quote' on the new homepage. Can you walk me through the logic here? How do you know it's optimized for CRO if we don't have any conversions?",Eric pushed back on CRO claim
151,2026-05-05,Send update on cold-email campaign results so far,reporting,Kas,Today,done,slack,Slack #redstone-marketing,"Can you send me an update on the cold email campaign results so far? Please send over today",
152,2026-05-05,Ship full cold email package (copy + lists + launch plan + domain setup + timeline) for Eric approval,ads,Kas,EOD 2026-05-05,done,kamg-ops,client-intel/redstone/eric-comms-pull-2026-05-05.md,"Please send over today",
153,2026-05-05,Decide aluminum die casting only focus on die casting pages (95% of leads),lp,Leo,ASAP,done,kamg-ops,client-intel/redstone/eric-comms-pull-2026-05-05.md,"Would it make sense to focus on Aluminum die casting only? 95% of our die casting leads want aluminum",
154,2026-05-05,Audit ISO logo: remove fake logo previously on site; use only real/approved,website,Leo,ASAP,done,kamg-ops,client-intel/redstone/eric-comms-pull-2026-05-05.md,"I don't see the ISO logo. The one previously on the website was made up",
155,2026-05-05,Set up DKIM authentication for email deliverability (stay on Google Workspace not Hosting.com),ops,Rehan + Eric,2026-05-13,in-progress,kamg-ops,client-intel/redstone/eric-comms-pull-2026-05-05.md,"they replied and want us to switch to Hosting.com for email. I don't really wanna do that",
156,2026-05-05,Investigate redstone-manufacturing.com (hyphenated) - SEO cannibalization risk?,seo,Jack,ASAP,pending,kamg-ops,client-intel/redstone/eric-comms-pull-2026-05-05.md,"I don't see the ISO logo. The one previously on the website was made up [referenced in same thread]",
157,2026-05-05,First weekly report with deliverables table + KW ranking table,reporting,Kas,Fri 2026-05-08,done,vault,05-Daily/2026-05-05.md,"Eric requested in email 2026-04-30",
158,2026-05-06,Find design houses similar to Speed Virtual - first batch by EOW,partnership,Kas,EOW 2026-05-09,in-progress,vault,05-Daily/2026-05-06.md,"Eric asked for shortlist. First batch by EOW",
159,2026-05-06,Heavily edit cold-email copy before launch (Kas reviews more closely),content,Kas,Daily during copy phase,done,slack,Slack #redstone-marketing,"The cold email copy needs a lot of edits, i wont have time today. Kas please review more closely and also review the lists. Thanks. I need you to spend time on this so I don't have to spend as much",
160,2026-05-06,Remove General Counsel + CFO + IT job titles from cold-email lists,content,Kas/Leo,None,done,slack,Slack #redstone-marketing,"in the lists, why are we emailing general council and CFO job titles? And IT",
161,2026-05-07,Sitemap + website architecture approval (Thu 13:00 CDMX call with Jack),website,Eric+Jack,2026-05-07 13:00,done,kamg-ops,docs/redstone/website-sprint-2026-05-05.md,"Sitemap approved?",
162,2026-05-07,Keyword universe + intent classification approval,seo,Eric+Jack,2026-05-07 13:00,done,kamg-ops,docs/redstone/website-sprint-2026-05-05.md,"Lock the keyword universe, sitemap, and information architecture before any code",
163,2026-05-07,Weekly report format approval (Kas ships Fri layout + metrics),reporting,Kas+Eric,2026-05-08,in-progress,kamg-ops,docs/redstone/website-sprint-2026-05-05.md,"First weekly report shipped (deliverables table + KW rankings)",
164,2026-05-07,Invite Alec to Slack channel (second ask),ops,Kas,None,done,slack,Slack #redstone-marketing,"can you invite Alec to this slack channel?",REPEAT - first asked Apr 24
165,2026-05-08,Email Eric SEO research doc + sitemap (post-call),seo,Kas,Post-call,done,vault,05-Daily/2026-05-08.md,"From May 7 Eric/Jack call",
166,2026-05-08,Send Eric wireframes; schedule 30-min Tue/Wed review,website,Kas,Post-call,in-progress,vault,05-Daily/2026-05-08.md,"From May 7 Eric/Jack call",
167,2026-05-08,Decide Brazil pages; if remove implement 301s,website,Eric,Post-call,pending,vault,05-Daily/2026-05-08.md,"Strategic decision on geo coverage",Eric's own decision
168,2026-05-08,Draft location-page copy (US mfr + overseas facilities) and share with Jack,content,Kas,Post-call,in-progress,vault,05-Daily/2026-05-08.md,"For Eric/Jack SEO call feedback",
169,2026-05-08,Update cold-email delivery range to 4-8 weeks in lead-times messaging,content,Leo,None,done,slack,Slack #redstone-marketing,"Could you please update this to 4-8 weeks?",
170,2026-05-08,Schedule weekly review meeting (Tue 11:30am MT),strategy,Leo/Kas,Week of 2026-05-11,done,slack,Slack #redstone-marketing,"Great, wheen can we review? Tuesday 11:30am mountain work?",Call held May 12
171,2026-05-10,Investigate $600 Hosting.com 2029-renewal charge + reconcile against prior cancel-before-renewal commitment,ops,Kas,None,done,slack,Slack #redstone-marketing,"Hey Kas, I just got charged around $600 by Hosting.com for services through 2029. I thought you mentioned before that you were managing this and that we could cancel before the renewal date. I already submitted a refund/cancellation ticket with Hosting.com as soon as I saw the charge. Can you look into what happened here and help make sure this gets resolved?",Refunded + switched to monthly
172,2026-05-10,Use improved Alec Story cold-email draft for location-specific campaign,content,Leo,None,pending,slack,Slack #redstone-marketing,"Here's a better draft email for the location specific campaign: [full template incl. 'Hi {{First Name}}, I'll be in {{City}} next week...']",
173,2026-05-10,Give Eric ChatGPT prompts (or export Redstone messaging prompt) for his own LLM,ops,Leo,None,pending,slack,Slack #redstone-marketing,"Can you give me prompts I can put into my ChatGPT? I think it's more dialed into Redstone and will produce better copy. Or let me know if there's a prompt that can be used to export Redstone messaging you can put into your LLM",
174,2026-05-10,Review Drive folder with brochures/marketing materials (folder 17qBp2bk50cO6VWakf0SLlgD8vDBez5Tt),content,KAMG,None,done,slack,Slack #redstone-marketing,"https://drive.google.com/drive/folders/17qBp2bk50cO6VWakf0SLlgD8vDBez5Tt",Catalogued in memory
175,2026-05-11,Confirm 11:30am Tuesday call time works,strategy,Kas,Tue 2026-05-12 11:30 MT,done,slack,Slack #redstone-marketing,"please let us know if 11:30am works for you",
176,2026-05-12,Provide timeline for delivering the PowerPoint presentation,content,Kas,None,done,slack,Slack #redstone-marketing,"can you provide a timeline for delivering the PowerPoint presentation?",
177,2026-05-12,Build PowerPoint deck (first AI draft then human polish),content,Kas,"should be quick",in-progress,slack,Slack #redstone-marketing,"Yes let's get the powerpoint done, it should be quick",
178,2026-05-12,"Approve or revise General Company Deck: Global Price Comparison rename, Halliburton slide, industries Slide 13, read existing pptx, service-specific after general",content,Eric,Pending,pending,vault,05-Daily/2026-05-12.md,"5 decisions pending Kas: (1) Global Price Comparison rename, (2) Halliburton slide, (3) industries Slide 13, (4) read existing pptx, (5) service-specific after general",Eric's own decisions blocking deck v3
179,2026-05-12,Send the Google Sheet with tasks status and completion date,reporting,Kas,2026-05-13,in-progress,slack,Slack #redstone-marketing,"can you send the google sheet with tasks, status, and completion date by tomorrow?",THIS DELIVERABLE - origin of this scrape
180,2026-05-13,Send Eric the list of conversions so he can mark which were qualified,reporting,Kas,Today,done,slack,Slack #redstone-marketing,"Can you send me the list of conversions so I can tell you which were qualified? We want to track qualified leads. If we are really at $300/ qualified lead we should keep the campaign running",Kas delivered breakdown 10:56am CST
181,2026-05-13,Track overall cost of marketing spend (agency + subscriptions + adwords) vs qualified leads generated,reporting,Kas/Leo,None,pending,slack,Slack #redstone-marketing,"we also want to track overall cost of marketing spend (your agency and all subscriptions/adwords etc.) vs. qualified leads generated",NEW KPI
182,2026-05-13,Give Eric (and Alec) list of form submissions + brochure downloads by name/email,reporting,Kas,Today,done,slack,Slack #redstone-marketing,"Can you give me a list of the form, submissions and brochure downloads by name or email address? Actually send it to Alec please",
183,2026-05-13,Confirm AdWords status - new lead came from adwords but Eric thought ads were off,ads,Kas,None,done,slack,Slack #redstone-marketing,"Nice, new lead came in. It came from adwords. I thought we turned off adwords?",Kas explained: search ads off; location ads kept
184,2026-05-13,YOU send Eric the cold handover intro with Daniel's report attached,partnership,Kas,ASAP,pending,vault,05-Daily/2026-05-13.md,"Daniel replied 'Nope' - won't write warm intro. YOU send Eric the cold handover intro",
185,2026-04-30,[PROJECT: Website Rebuild — P1] Lock keyword universe + sitemap + IA before any code,project,Jack + Kas,2026-05-07,done,kamg-ops,docs/redstone/website-sprint-2026-05-05.md,"Convergence phase: KW universe + sitemap + information architecture locked",Project phase | Website Rebuild
186,2026-05-05,[PROJECT: Website Rebuild — P2] Foundation: Astro scaffold + hosting.com → Vercel migration + DKIM,project,Kas + Rehan,2026-05-13,in-progress,kamg-ops,docs/redstone/website-sprint-2026-05-05.md,"Set up Astro project + brand tokens + migrate hosting + provision DKIM",Project phase | Website Rebuild
187,2026-05-08,[PROJECT: Website Rebuild — P3] Build 22 LP variants + 9 geo pages + new homepage,project,Kas,2026-05-27,pending,kamg-ops,docs/redstone/website-sprint-2026-05-05.md,"Port and refine 22 LP variants + 9 geo pages + rebuild homepage per Eric specs",Project phase | Website Rebuild
188,2026-05-27,[PROJECT: Website Rebuild — P4] Polish + SEO: Lighthouse 90+ schema redirects accessibility,project,Kas + Jack,2026-06-03,pending,kamg-ops,docs/redstone/website-sprint-2026-05-05.md,"Internal linking + schema markup + accessibility audit + 301 redirects + PostHog re-instrument",Project phase | Website Rebuild
189,2026-06-03,[PROJECT: Website Rebuild — P5] Launch cutover: soft launch → DNS → search ads relaunch,project,Kas + Rehan,2026-06-10,pending,kamg-ops,docs/redstone/website-sprint-2026-05-05.md,"Soft launch staging + QA + DNS cutover + relaunch search ads with new keywords",Project phase | Website Rebuild
190,2026-05-06,[PROJECT: Cold Email — P1] List audit + cleanup: Tracks A C F validation,project,Leo,2026-05-13,in-progress,kamg-ops,docs/redstone/cold-email-list-audit-2026-05-06.md,"Audit Apollo lists + 150 hard-cut rows Track A + rebuild Track C + clean Track F",Project phase | Cold Email Program
191,2026-05-06,[PROJECT: Cold Email — P2] List build: Track B (Big Co China-exit) + Track D (trade show),project,Leo,2026-05-27,pending,kamg-ops,docs/redstone/cold-email-list-audit-2026-05-06.md,"Build 200-5K employee list (Track B) + trade-show-filtered list (Track D)",Project phase | Cold Email Program
192,2026-04-28,[PROJECT: Cold Email — P3] Domain warmup + copy approval (v4 picks),project,Kas + Eric,2026-05-15,in-progress,kamg-ops,docs/redstone/master-roadmap-2026-05-05.md,"Finalize 8 RECOMMENDED + 2 BLOCKED email variants + get Eric sign-off + prep for send",Project phase | Cold Email Program
193,2026-05-20,[PROJECT: Cold Email — P4] Launch + results tracking: first send + Bison→HubSpot reply pipeline,project,Leo,2026-06-01,pending,kamg-ops,docs/redstone/master-roadmap-2026-05-05.md,"Deploy domains + seed 2490 shippable list + wire Bison→HubSpot reply pipeline",Project phase | Cold Email Program
194,2026-04-19,[PROJECT: LP Rollup — P1] Apply Eric's 19 LP fixes across all 21 landing pages,project,Kas,2026-05-27,in-progress,kamg-ops,client-intel/redstone/eric-feedback-2026-04-19.md,"Hero text + ISO copy + customer logos color + Amazon upsized + background photos + qualifications section removal etc",Project phase | LP Rollup
195,2026-05-27,[PROJECT: LP Rollup — P2] Design discipline pass (UI / Visual / Frontend),project,Kas,2026-06-01,pending,kamg-ops,docs/redstone/overview.md,"3-discipline review: UI architect → visual designer → frontend dev",Project phase | LP Rollup
196,2026-06-01,[PROJECT: LP Rollup — P3] Mobile QA + WCAG AA accessibility audit on 23 LP variants,project,Kas,2026-06-05,pending,kamg-ops,docs/redstone/website-sprint-2026-05-05.md,"WCAG AA audit + mobile responsiveness test + accessibility fixes on all LPs",Project phase | LP Rollup
197,2026-05-12,[PROJECT: Google Ads — P1] Account audit + negative keyword expansion + ad extensions build,project,Kas,2026-05-25,pending,kamg-ops,docs/redstone/google-ads-deep-report-2026-05-12.md,"Expand negative keyword list (no jobs/DIY/education/consumer) + add sitelinks + callouts",Project phase | Google Ads
198,2026-04-09,[PROJECT: Google Ads — P2] Campaign restructure: Mexico Nearshore + Competitor Conquest,project,Kas,2026-05-31,pending,kamg-ops,docs/redstone/overview.md,"Launch nearshore/Mexico campaign $1K/mo (uncontested) + competitor conquest $500/mo",Project phase | Google Ads
199,2026-05-12,[PROJECT: Google Ads — P3] Remarketing campaign + Location-Specific expansion,project,Kas,2026-06-05,pending,kamg-ops,docs/redstone/google-ads-deep-report-2026-05-12.md,"Set up remarketing $400/mo + expand Location Specific campaign keyword/geo scope",Project phase | Google Ads
200,2026-05-12,[PROJECT: Google Ads — P4] Search 2026 relaunch decision (post brand-audit),project,Kas + Eric,2026-06-08,pending,kamg-ops,docs/redstone/google-ads-deep-report-2026-05-12.md,"Audit brand campaign path (24 brand-search clicks → 0 conv) + run lead-quality back-check with sales + decide relaunch",Project phase | Google Ads
201,2026-05-10,[PROJECT: Company Deck — P1] Copy draft v1: 12-slide leave-behind deck,project,Kas,2026-05-15,in-progress,kamg-ops,docs/redstone/deck-general-copy-2026-05-12.md,"Draft general deck with Hawkin testimonial + Halliburton case study $1.2M + voice compliance",Project phase | Company Deck
202,2026-05-12,[PROJECT: Company Deck — P2] TM/testimonial decisions + design pass (5 Eric decisions pending),project,Kas + Eric,2026-05-20,pending,kamg-ops,docs/redstone/deck-general-copy-2026-05-12.md,"Resolve 'Global Price Comparison™' rebrand + Halliburton placement + final PPTX design",Project phase | Company Deck
203,2026-05-20,[PROJECT: Company Deck — P3] Service-specific decks: Die Casting / Sand Casting / CNC,project,Kas,2026-06-10,pending,kamg-ops,docs/redstone/deck-general-copy-2026-05-12.md,"Build variant decks for 3 primary service lines (post-general deck approved)",Project phase | Company Deck
204,2026-04-30,[PROJECT: Hosting Migration — P1] Backup + Vercel onboarding,project,Rehan,2026-05-13,in-progress,kamg-ops,docs/redstone/website-sprint-2026-05-05.md,"Full site snapshot to Drive/git + Vercel account setup + DNS records audit",Project phase | Hosting Migration
205,2026-05-13,[PROJECT: Hosting Migration — P2] DNS cutover + DKIM propagation,project,Rehan + Eric,2026-06-08,pending,kamg-ops,docs/redstone/website-sprint-2026-05-05.md,"Switch DNS to Vercel + provision DKIM record for lead-capture email",Project phase | Hosting Migration
206,2026-05-15,[PROJECT: Weekly Reporting — P1] Establish recurring Friday cadence (deliverables table + KW rankings),project,Kas,Recurring Fri,in-progress,kamg-ops,docs/redstone/master-roadmap-2026-05-05.md,"Standing Friday email with deliverables table + Jack's weekly KW summary",Project phase | Weekly Reporting
207,2026-03-31,[PROJECT: Quote Database — P1] Scope quote DB (query historical quotes by customer),project,Kas,Medium priority,done,meeting,07-Meetings/redstone/2026-03-31-eric-rachel-kas-progress-review.md,"Scope out quote database (query historical quotes by customer)",Project phase | Quote Database
208,2026-04-22,[PROJECT: Quote Database — P2] Build Claude quote-DB + share setup guide with Eric,project,Kas,2026-04-24,done,meeting,07-Meetings/redstone/2026-04-22-eric-kas-marketing-review.md,"Send Claude quote-DB setup guide to Eric; schedule 10-15 min setup",Project phase | Quote Database - shipped Apr 24
209,2026-04-29,[PROJECT: Quote Database — P3] Fix multi-column unit price capture (Quote 32934 anodize vs non-anodize),project,Kas,Low priority,pending,slack,Slack #redstone-marketing,"its not picking up that Quote 32934 had two columns for unit price, one with anodize and one without",Project phase | Quote Database
210,2026-03-31,[PROJECT: Lead Tracker / Dashboard — P1] Build real-time dashboard replacing tracking sheet,project,Kas,In progress,in-progress,meeting,07-Meetings/redstone/2026-03-31-eric-rachel-kas-progress-review.md,"Build real-time dashboard replacing the tracking sheet",Project phase | Lead Tracker
211,2026-04-30,[PROJECT: Lead Tracker / Dashboard — P2] Add qualified/unqualified button + reason field,project,Kas,This week,in-progress,meeting,07-Meetings/redstone/2026-04-30-eric-kas-website-plan-review.md,"Add qualified/unqualified button + reason field to lead tracker",Project phase | Lead Tracker
212,2026-04-30,[PROJECT: Lead Tracker / Dashboard — P3] Include email leads (not just ad/organic),project,Kas,This week,pending,meeting,07-Meetings/redstone/2026-04-30-eric-kas-website-plan-review.md,"Make lead tracker include email leads",Project phase | Lead Tracker
213,2026-04-30,[PROJECT: Lead Tracker / Dashboard — P4] Add cost-per-qualified-lead metric to weekly dashboard,project,Kas,This week,in-progress,meeting,07-Meetings/redstone/2026-04-30-eric-kas-website-plan-review.md,"Add cost-per-qualified-lead metric to weekly dashboard",Project phase | Lead Tracker
214,2026-05-13,[PROJECT: Lead Tracker / Dashboard — P5] Track total marketing spend (agency + subs + adwords) vs qualified leads,project,Kas/Leo,None,pending,slack,Slack #redstone-marketing,"track overall cost of marketing spend (agency and all subscriptions/adwords etc.) vs. qualified leads generated",Project phase | Lead Tracker - NEW KPI
215,2026-04-09,[PROJECT: BigQuery Setup — P1] Eric BQ access setup + Redstone email inbox provisioning,project,Kas + Eric,2026-04-09,done,vault,05-Daily/2026-04-09.md,"Eric needs to create a Redstone email inbox then set up BigQuery account",Project phase | BigQuery Setup
216,2026-03-31,[PROJECT: BigQuery Setup — P2] Connect Fathom transcripts to data warehouse,project,Kas,Medium priority,pending,meeting,07-Meetings/redstone/2026-03-31-eric-rachel-kas-progress-review.md,"Connect Fathom transcripts to data warehouse",Project phase | BigQuery Setup
217,2026-04-22,[PROJECT: BigQuery Setup — P3] Quote DB to BQ pipeline + access grant runbook,project,Kas,This week,done,kamg-ops,docs/redstone/eric-bq-access-grant-runbook.md,"Quote DB build piped to BigQuery; runbook + setup guide shipped",Project phase | BigQuery Setup
218,2026-04-22,[PROJECT: PostHog Integration — P1] Enable PostHog recordings + Eric verification/approval,project,Kas,Today,done,meeting,07-Meetings/redstone/2026-04-22-eric-kas-marketing-review.md,"Get PostHog verification from Eric; enable recordings",Project phase | PostHog Integration
219,2026-04-29,[PROJECT: PostHog Integration — P2] Integration ship-log + dashboard wiring,project,Kas,EOW,done,kamg-ops,docs/redstone/posthog-integration-shiplog-2026-04-29.md,"PostHog integration shipped April 29",Project phase | PostHog Integration
220,2026-04-28,[PROJECT: HubSpot Optimization — P1] Fix form-submission notification emails (dead since Apr 23),project,Leo/Kas,ASAP,done,slack,Slack #redstone-marketing,"Is it possible we are no longer getting emails when forms are filled? Need to know ASAP. Please fix right away",Project phase | HubSpot Optimization
221,2026-04-28,[PROJECT: HubSpot Optimization — P2] Route form-submission emails to sales@redstonemanufacturing.com,project,Leo,None,done,slack,Slack #redstone-marketing,"These should go to sales@redstonemanufacturing.com. Not to my email",Project phase | HubSpot Optimization
222,2026-04-22,[PROJECT: HubSpot Optimization — P3] Check HubSpot plan for 1-click booking; enable if available,project,Kas,This week,done,meeting,07-Meetings/redstone/2026-04-22-eric-kas-marketing-review.md,"Check HubSpot plan for 1-click booking; enable if available",Project phase | HubSpot Optimization
223,2026-04-28,[PROJECT: HubSpot Optimization — P4] Test SEO form vs AdWords form routing (5-day lead gap),project,Kas,ASAP,done,meeting,07-Meetings/redstone/2026-04-28-lists-and-copy-discussion.md,"Test HubSpot lead-form notifications; confirm SEO form vs AdWords form routing",Project phase | HubSpot Optimization
224,2026-04-30,[PROJECT: Phone Routing — P1] Test phone call routing (press 1 to Alec),project,Kas,This week,pending,meeting,07-Meetings/redstone/2026-04-30-eric-kas-website-plan-review.md,"Test phone call routing (press 1 to Alec)",Project phase | Phone Routing
225,2026-04-22,[PROJECT: Slack Lead Alerts — P1] Create Slack channel for leads + connect tracker + qualified-lead alerts,project,Kas,ASAP,done,meeting,07-Meetings/redstone/2026-04-22-eric-kas-marketing-review.md,"Create Slack channel; connect lead tracker; enable qualified-lead alerts",Project phase | Slack Lead Alerts
226,2026-04-30,[PROJECT: Daniel Handover — P1] Email Daniel intro to Eric in campaign-paused chain,project,Kas,ASAP,done,meeting,07-Meetings/redstone/2026-04-30-eric-kas-website-plan-review.md,"Email Daniel intro to Eric in the campaign-paused chain",Project phase | Daniel Handover
227,2026-05-13,[PROJECT: Daniel Handover — P2] Send Eric cold handover intro with Daniel monthly report,project,Kas,ASAP,pending,vault,05-Daily/2026-05-13.md,"Daniel replied Nope wont write warm intro. YOU send Eric the cold handover intro",Project phase | Daniel Handover
228,2026-05-01,[PROJECT: Design House Referrals — P1] Find design houses similar to Speed Virtual for referral commissions,project,Kas,Fri 2026-05-03,in-progress,kamg-ops,client-intel/redstone/eric-comms-pull-2026-05-05.md,"Can you find more companies like them?",Project phase | Design House Referrals
229,2026-05-06,[PROJECT: Design House Referrals — P2] Deliver first shortlist batch,project,Kas,EOW 2026-05-09,in-progress,vault,05-Daily/2026-05-06.md,"Eric asked for shortlist. First batch by EOW",Project phase | Design House Referrals
